<?xml version="1.0" encoding="UTF-8" standalone="yes"?>
<theme version="1.1">
    <description>Dark Vista Theme for HBC</description>
    <font_color>
        <red>0</red>
        <green>0</green>
        <blue>0</blue>
        <alpha>255</alpha>
    </font_color>
    <progress_gradient>
        <upper_left>
            <red>0</red>
            <green>102</green>
            <blue>102</blue>
            <alpha>255</alpha>
        </upper_left>
        <upper_right>
            <red>0</red>
            <green>102</green>
            <blue>102</blue>
            <alpha>255</alpha>
        </upper_right>
        <lower_left>
            <red>0</red>
            <green>0</green>
            <blue>0</blue>
            <alpha>255</alpha>
        </lower_left>
        <lower_right>
            <red>0</red>
            <green>0</green>
            <blue>0</blue>
            <alpha>255</alpha>
        </lower_right>
    </progress_gradient>
</theme>
